pace,offensive_rating,turnover_rate,three_point_rate,points_per_game,points_per_game_copy
77.2,104.1,0.171,0.321,80.4,80.40000001
79.4,111.3,0.149,0.356,88.9,88.90000001
75.8,101.9,0.183,0.302,77.5,77.50000001
81.0,115.2,0.141,0.382,93.4,93.40000001
78.6,108.4,0.158,0.347,85.1,85.10000001
76.9,106.7,0.164,0.331,82.2,82.20000001
82.1,117.0,0.137,0.395,96.3,96.30000001
74.7,99.8,0.191,0.289,74.8,74.80000001
80.3,112.6,0.146,0.368,90.6,90.60000001
77.8,107.5,0.162,0.339,83.7,83.70000001
79.9,109.8,0.154,0.351,87.9,87.90000001
76.1,103.3,0.177,0.314,78.9,78.90000001

